-- phpMyAdmin SQL Dump
-- version 3.4.5
-- http://www.phpmyadmin.net
--
-- Host: localhost
-- Generation Time: Aug 22, 2017 at 05:43 PM
-- Server version: 5.5.16
-- PHP Version: 5.3.8

SET SQL_MODE="NO_AUTO_VALUE_ON_ZERO";
SET time_zone = "+00:00";


/*!40101 SET @OLD_CHARACTER_SET_CLIENT=@@CHARACTER_SET_CLIENT */;
/*!40101 SET @OLD_CHARACTER_SET_RESULTS=@@CHARACTER_SET_RESULTS */;
/*!40101 SET @OLD_COLLATION_CONNECTION=@@COLLATION_CONNECTION */;
/*!40101 SET NAMES utf8 */;

--
-- Database: `fc_travel`
--

-- --------------------------------------------------------

--
-- Table structure for table `tbl_cat`
--

CREATE TABLE IF NOT EXISTS `tbl_cat` (
  `id` int(11) unsigned NOT NULL AUTO_INCREMENT,
  `cat_name` varchar(200) CHARACTER SET utf8 COLLATE utf8_unicode_ci NOT NULL,
  `cat_slug` varchar(200) CHARACTER SET utf8 COLLATE utf8_unicode_ci NOT NULL,
  `cat_description` varchar(500) CHARACTER SET utf8 COLLATE utf8_unicode_ci NOT NULL,
  PRIMARY KEY (`id`)
) ENGINE=MyISAM  DEFAULT CHARSET=utf8 AUTO_INCREMENT=12 ;

--
-- Dumping data for table `tbl_cat`
--

INSERT INTO `tbl_cat` (`id`, `cat_name`, `cat_slug`, `cat_description`) VALUES
(1, 'Điểm đến du lịch', 'diem-den-du-lich', 'Du lịch Việt Nam'),
(10, 'Hồ Chí Minh', 'ho-chi-minh', 'Du lịch Hồ Chí Minh');

-- --------------------------------------------------------

--
-- Table structure for table `tbl_cmenu`
--

CREATE TABLE IF NOT EXISTS `tbl_cmenu` (
  `id` int(11) unsigned NOT NULL AUTO_INCREMENT,
  `id_pmenu` int(11) NOT NULL,
  `name` varchar(200) COLLATE utf8_unicode_ci NOT NULL,
  `slug` varchar(200) COLLATE utf8_unicode_ci NOT NULL,
  `link` varchar(400) COLLATE utf8_unicode_ci NOT NULL,
  PRIMARY KEY (`id`),
  UNIQUE KEY `slug` (`slug`)
) ENGINE=MyISAM  DEFAULT CHARSET=utf8 COLLATE=utf8_unicode_ci AUTO_INCREMENT=20 ;

--
-- Dumping data for table `tbl_cmenu`
--

INSERT INTO `tbl_cmenu` (`id`, `id_pmenu`, `name`, `slug`, `link`) VALUES
(6, 4, 'Điểm đến du lịch', 'diem-den-du-lich', 'http://localhost/Project7/index.php?cat=1'),
(5, 4, 'Home', 'home', 'http://localhost/Project7'),
(7, 4, 'Liên hệ', 'lien-he', '#'),
(8, 4, 'FAQs', 'faqs', '#'),
(9, 5, 'Home', 'bhome', 'http://localhost/Project7'),
(10, 5, 'IT-tuts.com', 'it-tuts.com', 'http://it-tuts.com'),
(11, 5, 'Ictu.edu.vn', 'ictu.edu.vn', 'http://ictu.edu.vn'),
(12, 5, 'Login', 'login', 'http://localhost/Project7/fc-admin/index.php'),
(13, 10, 'Hà Nội', 'ha-noi', 'http://localhost/Project7/index.php?cat=1'),
(14, 10, 'Hồ Chí Minh', 'ho-chi-minh', 'http://localhost/Project7/index.php?cat=10'),
(15, 10, 'Huế', 'hue', '#'),
(16, 10, 'Đà Nẵng', 'da-nang', '#'),
(17, 10, 'Vũng tàu', 'vung-tau', '#'),
(18, 11, 'Ẩm thực Hà Nội', 'am-thuc-ha-noi', '#'),
(19, 11, 'Ẩm thực Huế', 'am-thuc-hue', '#');

-- --------------------------------------------------------

--
-- Table structure for table `tbl_comment`
--

CREATE TABLE IF NOT EXISTS `tbl_comment` (
  `id` int(11) unsigned NOT NULL AUTO_INCREMENT,
  `id_post` int(11) unsigned NOT NULL,
  `id_parent` int(11) NOT NULL DEFAULT '0',
  `com_name` varchar(200) CHARACTER SET utf8 COLLATE utf8_unicode_ci NOT NULL,
  `com_email` varchar(200) CHARACTER SET utf8 COLLATE utf8_unicode_ci NOT NULL,
  `com_website` varchar(200) CHARACTER SET utf8 COLLATE utf8_unicode_ci NOT NULL,
  `com_content` varchar(500) CHARACTER SET utf8 COLLATE utf8_unicode_ci NOT NULL,
  `date_comment` datetime NOT NULL DEFAULT '0000-00-00 00:00:00',
  `status` int(11) NOT NULL DEFAULT '0',
  PRIMARY KEY (`id`)
) ENGINE=MyISAM  DEFAULT CHARSET=utf8 AUTO_INCREMENT=17 ;

--
-- Dumping data for table `tbl_comment`
--

INSERT INTO `tbl_comment` (`id`, `id_post`, `id_parent`, `com_name`, `com_email`, `com_website`, `com_content`, `date_comment`, `status`) VALUES
(5, 2, 0, 'TrangBh', 'trang@gmail.com', '', 'Hi Thắng', '2011-10-21 00:00:00', 1),
(6, 2, 5, 'TrungNt', 'trung@gmail.com', '', 'Helo', '2011-10-22 00:00:00', 1),
(7, 2, 5, 'TuanNt', 'tuan@gmail.com', '', 'Hi, I''m Tuan', '2011-10-22 10:00:00', 0),
(8, 2, 0, 'Trinh', 'trinh@gmail.com', '', 'I m Trinh', '2011-10-21 00:00:00', 1);

-- --------------------------------------------------------

--
-- Table structure for table `tbl_pmenu`
--

CREATE TABLE IF NOT EXISTS `tbl_pmenu` (
  `id` int(11) unsigned NOT NULL AUTO_INCREMENT,
  `name` varchar(200) COLLATE utf8_unicode_ci NOT NULL,
  `slug` varchar(200) COLLATE utf8_unicode_ci NOT NULL,
  `description` varchar(500) COLLATE utf8_unicode_ci NOT NULL,
  PRIMARY KEY (`id`),
  UNIQUE KEY `slug` (`slug`)
) ENGINE=MyISAM  DEFAULT CHARSET=utf8 COLLATE=utf8_unicode_ci AUTO_INCREMENT=12 ;

--
-- Dumping data for table `tbl_pmenu`
--

INSERT INTO `tbl_pmenu` (`id`, `name`, `slug`, `description`) VALUES
(4, 'Top Menu', 'top-menu', ''),
(5, 'Bottom Menu', 'bottom-menu', ''),
(10, 'Địa điểm du lịch', 'dia-diem-du-lich', ''),
(11, 'Ẩm thực 4 phương', 'am-thuc-4-phuong', '');

-- --------------------------------------------------------

--
-- Table structure for table `tbl_post`
--

CREATE TABLE IF NOT EXISTS `tbl_post` (
  `id` int(10) unsigned NOT NULL AUTO_INCREMENT,
  `title` varchar(200) CHARACTER SET utf8 COLLATE utf8_unicode_ci NOT NULL,
  `slug_post` varchar(200) CHARACTER SET utf8 COLLATE utf8_unicode_ci NOT NULL,
  `thumbnail` varchar(400) CHARACTER SET utf8 COLLATE utf8_unicode_ci NOT NULL,
  `introl` text CHARACTER SET utf8 COLLATE utf8_unicode_ci NOT NULL,
  `fulltext` text CHARACTER SET utf8 COLLATE utf8_unicode_ci NOT NULL,
  `id_user` int(10) unsigned NOT NULL,
  `id_cat` int(10) unsigned NOT NULL,
  `publish` varchar(10) CHARACTER SET utf8 COLLATE utf8_unicode_ci NOT NULL,
  `tag` varchar(400) CHARACTER SET utf8 COLLATE utf8_unicode_ci NOT NULL,
  `created` datetime NOT NULL DEFAULT '0000-00-00 00:00:00',
  `beauty` varchar(500) CHARACTER SET utf8 COLLATE utf8_unicode_ci NOT NULL,
  `status` int(11) unsigned NOT NULL DEFAULT '1',
  PRIMARY KEY (`id`)
) ENGINE=MyISAM  DEFAULT CHARSET=utf8 AUTO_INCREMENT=47 ;

--
-- Dumping data for table `tbl_post`
--

INSERT INTO `tbl_post` (`id`, `title`, `slug_post`, `thumbnail`, `introl`, `fulltext`, `id_user`, `id_cat`, `publish`, `tag`, `created`, `beauty`, `status`) VALUES
(2, 'Bánh Cuốn Thanh Trì - Món ngon Hà Thành', 'Banh-Cuon-Thanh-Tri---Mon-ngon-Ha-Thanh', '/Project7/fc-media/images/banhcuontt.jpg', '<p>\r\n	Kh&ocirc;ng phải m&oacute;n ngon n&agrave;o của H&agrave; Nội cũng được coi l&agrave; đặc sản đất kinh kỳ, cũng kh&ocirc;ng phải đặc sản n&agrave;o cũng chiếm vị tr&iacute; đ&aacute;ng kể trong kho t&agrave;ng văn h&oacute;a ẩm thực H&agrave; Th&agrave;nh như b&aacute;nh cuốn Thanh Tr&igrave;.', '</p>\r\n<p style="text-align: center;">\r\n	<img alt="" class="caption" src="/Project7/fc-media/images/banhcuontt.jpg" style="width: 400px; height: 300px;" /><br />\r\n	<br />\r\n	M&oacute;n qu&agrave; qu&ecirc; d&acirc;n gi&atilde; m&agrave; rất đỗi tinh tế ấy đ&atilde; g&oacute;p phần tạo n&ecirc;n n&eacute;t thanh lịch cho người H&agrave; Nội.<br />\r\n	<br />\r\n	Người H&agrave; th&agrave;nh vốn cầu kỳ trong ăn uống n&ecirc;n c&aacute;ch l&agrave;m b&aacute;nh cuốn kh&aacute; c&ocirc;ng phu, d&ugrave; chất liệu l&agrave;m b&aacute;nh rất giản dị. Khi chọn được thứ gạo tẻ ngon, người l&agrave;m b&aacute;nh đem ng&acirc;m gạo khoảng ba tiếng đồng hồ rồi đem vo sạch v&agrave; xay nhuyễn th&agrave;nh thứ bột nước trắng ngần.<br />\r\n	<br />\r\n	Sau đ&oacute;, căng tấm vải mỏng tr&ecirc;n miệng nồi hấp rồi m&uacute;c lưng mu&ocirc;i bột, đổ đều tay, d&aacute;t mỏng bột tr&ecirc;n mặt vải v&agrave; đậy nắp vung lại. &Iacute;t ph&uacute;t sau, b&aacute;nh ch&iacute;n, người thợ d&ugrave;ng chiếc đũa tre xọc ngang một c&aacute;i, nguy&ecirc;n một l&aacute; b&aacute;nh mỏng tang như lớp lụa mịn m&agrave;ng được nhắc ra, họ thoa th&ecirc;m một ch&uacute;t mỡ h&agrave;nh cho b&oacute;ng bẩy rồi gấp lại, rắc th&ecirc;m l&aacute; h&agrave;nh đ&atilde; phi thơm b&oacute;ng mỡ l&ecirc;n tr&ecirc;n. Những l&aacute; b&aacute;nh cuốn xếp so le tr&ecirc;n đĩa tr&ocirc;ng rất hấp dẫn.<br />\r\n	&nbsp;</p>\r\n<p>\r\n	&nbsp;</p>\r\n<p>\r\n	&nbsp;</p>', 1, 1, '1', 'banh cuon, bánh cuốn', '2011-10-17 03:25:30', '1', 0),
(31, 'Bình Thuận: Hội thi Bartender ngành du lịch lần thứ 1/2011', 'binh-thuan:-hoi-thi-bartender-nganh-du-lich-lan-thu-1/2011', '/Project7/fc-media/images/bartenderBT1.jpg', '<p>\r\n	Lần đầu ti&ecirc;n một hội thi về nghề nghiệp được tổ chức đầy h&agrave;o hứng, đẹp mắt v&agrave; cũng nhiều gi&acirc;y ph&uacute;t d&agrave;nh cho sự s&aacute;ng tạo thăng hoa. Hội thi Bartender ng&agrave;nh du lịch B&igrave;nh Thuận lần thứ 1/2011 đ&atilde; diễn ra tại khu du lịch S&agrave;i G&ograve;n &ndash; Mũi N&eacute; (TP. Phan Thiết) với sự tham gia của 30 th&iacute; sinh đến từ c&aacute;c khu du lịch, resort, nh&agrave; h&agrave;ng trong tỉnh v&agrave; TP. Hồ Ch&iacute; Minh. ', '</p>\r\n<p align="justify" style="MARGIN-TOP: 0px; MARGIN-BOTTOM: 3px; MARGIN-RIGHT: 8px">\r\n	<br class="Apple-interchange-newline" />\r\n	<font face="Arial" style="FONT-SIZE: 9pt"><img alt="" src="/Project7/fc-media/images/bartenderBT1.jpg" style="border-width: 0pt; border-style: solid; margin: 5px; float: left; width: 230px; height: 159px;" />Hội thi do Hiệp hội du lịch v&agrave; Trường cao đẳng cộng đồng tổ chức, với sự tranh t&agrave;i của 30 th&iacute; sinh về l&yacute; thuyết v&agrave; kỹ thuật pha chế cocktail, hội thi c&ograve;n c&oacute; gần 20 th&iacute; sinh dự thi c&aacute;c nội dung tr&igrave;nh diễn trang phục v&agrave; biểu diễn bar. Mỗi th&iacute; sinh dự thi theo 2 phần l&yacute; thuyết (1 ph&uacute;t) v&agrave; kỹ thuật pha chế cocktail (4 ph&uacute;t) bằng h&igrave;nh thức bốc thăm v&agrave; trả lời c&acirc;u hỏi. Ban gi&aacute;m khảo 3 người chấm điểm từng phần thi theo 6 nội dung l&agrave;: kiểu d&aacute;ng, s&aacute;ng tạo, phối hợp m&agrave;u sắc, sự thoải m&aacute;i, hợp với c&ocirc;ng việc v&agrave; tr&igrave;nh diễn. Ban tổ chức đ&atilde; chuẩn bị khoảng 35 loại rượu v&agrave; hơn 10 phụ liệu pha chế th&ocirc;ng dụng kh&aacute;c như soda, nước ngọt, sữa, nước cam, nước dứa, nước cốt dừa...để hỗ trợ th&iacute; sinh. &nbsp;</font></p>\r\n<p align="justify">\r\n	<font face="Arial" style="FONT-SIZE: 9pt">Xen kẽ c&aacute;c phần thi pha chế v&agrave; trả lời l&yacute; thuyết, h&agrave;ng trăm kh&aacute;n giả theo d&otilde;i hội thi đ&atilde; rất h&agrave;o hứng v&agrave; bất ngờ với nhiều pha tung hứng chai, ly, dụng cụ lắc cũng như tr&igrave;nh diễn trang phục của Bartender. Ngay sau cuộc thi v&ograve;ng loại, 10 th&iacute; sinh tranh chung kết diễn ra v&agrave;o buổi chiều. V&ograve;ng chung kết k&eacute;o d&agrave;i 7 ph&uacute;t cho mỗi phần thi. Trong đ&oacute;, bắt buộc th&iacute; sinh phải thực hiện pha chế cocktail theo bốc thăm v&agrave; một phần thể hiện sự s&aacute;ng tạo qua c&aacute;ch thể hiện một ly cocktail ngẫu hứng. &Ocirc;ng Trần Văn B&igrave;nh &ndash; Ph&oacute; Chủ tịch Hiệp hội, cho biết: &ldquo;Lần đầu ti&ecirc;n Hiệp hội c&ugrave;ng với Trường Cao đẳng cộng động phối hợp tổ chức hội thi nhằm tạo ra s&acirc;n chơi để c&aacute;c em đam m&ecirc; nghề Bartender được giao lưu, học hỏi, n&acirc;ng cao kỹ năng nghề nghiệp. Qua đ&oacute;, cũng mong muốn c&aacute;c doanh nghiệp du lịch quan t&acirc;m đến đội ngũ l&agrave;m nghề bartender, gi&uacute;p cho bartender ở địa phương n&acirc;ng cao tay nghề&rdquo;.</font></p>', 1, 1, '1', '', '2011-10-22 14:29:31', '1', 1),
(33, 'Công bố Dự án “Lồng ghép văn hóa và du lịch nhằm phát triển bền vững tỉnh Quảng Nam”', 'cong-bo-du-an-“long-ghep-van-hoa-va-du-lich-nham-phat-trien-ben-vung-tinh-quang-nam”', '/Project7/fc-media/images/48_phocohoian.jpg', '<p>\r\n	Vừa qua, tại Trung t&acirc;m Văn h&oacute;a tỉnh Quảng Nam, UBND tỉnh Quảng Nam đ&atilde; tổ chức Lễ c&ocirc;ng bố Dự &aacute;n &ldquo;Lồng gh&eacute;p văn h&oacute;a v&agrave; du lịch nhằm ph&aacute;t triển bền vững tỉnh Quảng Nam&rdquo;. Nhiều đại biểu l&atilde;nh đạo tỉnh, đại biểu ng&agrave;nh du lịch Quảng Nam đ&atilde; đến dự.', '<br class="Apple-interchange-newline" />\r\n	<img alt="" class="caption" src="/Project7/fc-media/images/48_phocohoian.jpg" style="width: 260px; height: 195px; border-width: 0pt; border-style: solid; margin: 5px; float: left;" />Dự &aacute;n &ldquo;Lồng gh&eacute;p văn h&oacute;a v&agrave; du lịch nhằm ph&aacute;t triển bền vững tỉnh Quảng Nam&rdquo; được thực hiện với sự hỗ trợ của Văn ph&ograve;ng UNESCO tại H&agrave; Nội. Dự &aacute;n nhằm hướng đến mục ti&ecirc;u tổng qu&aacute;t gắn ph&aacute;t triển du lịch với bảo tồn v&agrave; ph&aacute;t huy bản sắc văn h&oacute;a; n&acirc;ng cao kỹ năng v&agrave; kiến thức cho người d&acirc;n địa phương về du lịch bền vững; k&iacute;ch th&iacute;ch nhu cầu chi ti&ecirc;u của du kh&aacute;ch v&agrave; ph&aacute;t triển c&aacute;c dịch vụ c&oacute; li&ecirc;n quan, tạo c&ocirc;ng ăn việc l&agrave;m, giảm ngh&egrave;o tại c&aacute;c v&ugrave;ng kh&oacute; khăn; tạo mối li&ecirc;n kết du lịch giữa Quảng Nam với th&agrave;nh phố Đ&agrave; Nẵng v&agrave; tỉnh Thừa Thi&ecirc;n - Huế th&agrave;nh một điểm đến chung cho du kh&aacute;ch trong nước v&agrave; quốc tế.<br />\r\n	<br />\r\n	B&ecirc;n cạnh c&aacute;c mục ti&ecirc;u tổng qu&aacute;t tr&ecirc;n, dự &aacute;n cũng tập trung v&agrave;o c&aacute;c mục ti&ecirc;u cụ thể như x&acirc;y dựng chiến lược kết nối c&aacute;c điểm du lịch di sản phố cổ Hội An, Khu di t&iacute;ch Mỹ Sơn v&agrave; Khu dự trữ thế giới C&ugrave; Lao Ch&agrave;m lại với nhau; x&aacute;c định c&aacute;c khu vực ph&aacute;t triển du lịch v&agrave; sản phẩm du lịch bổ sung ngo&agrave;i di sản nhằm giảm &aacute;p lực c&aacute;c điểm du lịch di sản; đ&agrave;o tạo nguồn nh&acirc;n lực tại chỗ, n&acirc;ng cao thu nhập kết hợp với sự ph&acirc;n phối c&ocirc;ng bằng về lợi &iacute;ch v&agrave; tập trung v&agrave;o sinh kế địa phương, hướng tới giảm ngh&egrave;o; thiết lập khu vực du lịch trọng điểm của tỉnh như l&agrave; một điểm đến chất lượng cao đ&aacute;p ứng ti&ecirc;u chuẩn to&agrave;n cầu cho c&aacute;c sản phẩm, dịch vụ v&agrave; trải nghiệm du lịch.<br />\r\n	<br />\r\n	UBND tỉnh Quảng Nam cho biết, trong thời gian tới sẽ c&oacute; 9 vấn đề ch&iacute;nh được triển khai thực hiện l&agrave;: T&iacute;nh bền vững của di sản; sự tham gia của cộng đồng v&agrave;o ng&agrave;nh du lịch; c&ocirc;ng t&aacute;c bảo tồn văn h&oacute;a hướng tới giảm ngh&egrave;o v&agrave; cải thiện sinh kế; t&iacute;nh bền vững về m&ocirc;i trường; tăng cường v&agrave; ph&aacute;t triển c&aacute;c sản phẩm du lịch văn h&oacute;a; tiếp thị v&agrave; x&uacute;c tiến du lịch văn h&oacute;a; chiến lược truyền th&ocirc;ng cung cấp th&ocirc;ng tin v&agrave; diễn giải; ph&aacute;t triển nguồn nh&acirc;n lực du lịch; lập kế hoạch v&agrave; ph&aacute;t triển khu vực biển v&agrave; bờ biển chủ yếu tại C&ugrave; lao Ch&agrave;m&hellip;Thời gian thực hiện chiến lược sẽ chia th&agrave;nh 3 giai đoạn l&agrave; ngắn hạn (đến năm 2012), trung hạn (từ năm 2013 - 2015) v&agrave; d&agrave;i hạn (đến năm 2020).<br />\r\n	<br />\r\n	Dịp n&agrave;y, ng&agrave;nh du lịch tỉnh Quảng Nam đ&atilde; trao bằng khen cho một số đơn vị, c&aacute; nh&acirc;n đạt nhiều th&agrave;nh t&iacute;ch trong ph&aacute;t triển du lịch năm 2010 của tỉnh.</p>', 1, 1, '1', '', '2011-10-22 14:36:59', '1', 1),
(34, 'Lâm Đồng: Nhiều hoạt động văn hóa, thể thao và du lịch hè năm 2011', 'lam-dong:-nhieu-hoat-dong-van-hoa,-the-thao-va-du-lich-he-nam-2011', '/Project7/fc-media/images/dalatmx1.jpg', '<p>\r\n	Sở VH, TT &amp;DL L&acirc;m Đồng cho biết, UBND tỉnh L&acirc;m Đồng đ&atilde; ph&ecirc; duyệt c&aacute;c hoạt động về văn h&oacute;a, thể thao v&agrave; du lịch từ nay đến cuối năm 2011 nhằm quảng b&aacute; v&agrave; ph&aacute;t triển ng&agrave;nh du lịch L&acirc;m Đồng gắn với sự kiện lịch sử đất nước v&agrave; văn h&oacute;a, cảnh quan thi&ecirc;n nhi&ecirc;n v&ugrave;ng đất nam T&acirc;y Nguy&ecirc;n.', '</p>\r\n<table border="0" cellpadding="0" cellspacing="0" width="100%">\r\n	<tbody>\r\n		<tr>\r\n			<td style="FONT-SIZE: 12px">\r\n				<br class="Apple-interchange-newline" />\r\n				<img alt="" src="/Project7/fc-media/images/dalatmx1.jpg" style="border-width: 0px; margin: 5px 7px; float: left; width: 400px; height: 319px;" /><br />\r\n				<div align="justify">\r\n					<font size="2">Theo đ&oacute;, c&aacute;c hoạt động văn h&oacute;a- du lịch m&ugrave;a h&egrave; phục vụ kh&aacute;ch du lịch bao gồm: Chương tr&igrave;nh ca m&uacute;a nhạc, triển l&atilde;m kỷ niệm ng&agrave;y sinh Chủ tịch Hồ Ch&iacute; Minh diễn ra từ ng&agrave;y 15/5 - 22/5 tại rạp 3/4 v&agrave; Bảo t&agrave;ng tỉnh L&acirc;m Đồng; Chương tr&igrave;nh nghệ thuật v&agrave;o l&uacute;c 19 giờ 00 thứ 6, thứ 7 h&agrave;ng tuần từ 3/6 - 23/7 tại s&acirc;n khấu ngo&agrave;i trời bờ hồ Xu&acirc;n Hương; Chương tr&igrave;nh Đại nhạc hội Hip hop &quot;Đ&agrave; Lạt Xanh&quot; v&agrave; trồng c&acirc;y xanh từ 01 - 05 /6 tại Khu du lịch Thung lũng T&igrave;nh Y&ecirc;u; Ng&agrave;y hội giao lưu văn h&oacute;a cồng chi&ecirc;ng T&acirc;y Nguy&ecirc;n từ 01 - 05/6 tại Đ&agrave; Lạt; Hội thi ẩm thực giữa c&aacute;c địa phương: L&acirc;m Đồng - TP. Hồ Ch&iacute; Minh - B&igrave;nh Thuận - Kh&aacute;nh H&ograve;a từ 16 - 19/6 tại Đ&agrave; Lạt; Chương tr&igrave;nh đ&oacute;n đo&agrave;n Famtrip c&aacute;c địa phương li&ecirc;n kết ph&aacute;t triển du lịch (TP. Hồ Ch&iacute; Minh - B&igrave;nh Thuận - Cần Thơ - Đ&agrave; Nẵng) từ 16 - 24/6 tại c&aacute;c địa b&agrave;n trọng điểm du lịch tỉnh L&acirc;m Đồng; Hội nghị x&uacute;c tiến quảng b&aacute; điểm đến Đ&agrave; Lạt - L&acirc;m Đồng từ 16 - 24/6 tại L&acirc;m Đồng.<span class="Apple-converted-space">&nbsp;</span><br />\r\n					<br />\r\n					Trong th&aacute;ng 8 v&agrave; 9, ngo&agrave;i chương tr&igrave;nh ca m&uacute;a nhạc v&agrave; triển l&atilde;m về C&aacute;ch mạng th&aacute;ng T&aacute;m v&agrave; Quốc kh&aacute;nh 2/9, một số hoạt động thể thao cho du kh&aacute;ch đ&uacute;ng v&agrave;o dịp Lễ 2/9 l&agrave; thi xe đạp đ&ocirc;i tại Đ&agrave; Lạt v&agrave; Giải leo n&uacute;i, xe đạp địa h&igrave;nh kết hợp giao lưu văn h&oacute;a cồng chi&ecirc;ng T&acirc;y Nguy&ecirc;n tại khu du lịch Lang Biang.&nbsp;&nbsp;<span class="Apple-converted-space">&nbsp;</span><br />\r\n					<br />\r\n					Trong th&aacute;ng 11 v&agrave; 12, hai chương tr&igrave;nh nghệ thuật kỷ niệm 100 năm Chủ tịch Hồ Ch&iacute; Minh ra đi t&igrave;m đường cứu nước v&agrave; ng&agrave;y th&agrave;nh lập Qu&acirc;n đội nh&acirc;n d&acirc;n Việt Nam 22/12. Đặc biệt, từ ng&agrave;y 30/12/2011 đến 03/01/2012 sẽ diễn ra Festival Hoa Đ&agrave; Lạt năm 2012 tr&ecirc;n 8 địa b&agrave;n trong tỉnh l&agrave; Đ&agrave; Lạt, Bảo Lộc, Lạc Dương, Đơn Dương, Đức Trọng, L&acirc;m H&agrave;, Di Linh v&agrave; Đạ Huoai.</font></div>\r\n			</td>\r\n		</tr>\r\n	</tbody>\r\n</table>\r\n<p>\r\n	&nbsp;</p>\r\n<p>\r\n	&lt;!--more--&gt;</p>', 1, 1, '1', '', '2011-10-22 14:38:22', '1', 1),
(35, 'Quảng bá văn hóa, du lịch Việt Nam tại Pháp', 'quang-ba-van-hoa,-du-lich-viet-nam-tai-phap', '/Project7/fc-media/images/hoichotour1.jpg', '<p>\r\n	Việt Nam mang đến hội chợ Tours (Ph&aacute;p) một kh&ocirc;ng gian văn h&oacute;a k&egrave;m theo nhiều hoạt động ẩm thực v&agrave; biểu diễn nghệ thuật của những nghệ sĩ h&agrave;ng đầu, thu h&uacute;t 250.000 lượt kh&aacute;ch tham quan.', '</p>\r\n<p align="justify" style="MARGIN-TOP: 0px; MARGIN-BOTTOM: 3px; MARGIN-RIGHT: 8px">\r\n	&nbsp;</p>\r\n<table align="left" style="BORDER-BOTTOM: 0px; BORDER-LEFT: 0px; WIDTH: 248px; BORDER-COLLAPSE: separate; BORDER-TOP: 0px; BORDER-RIGHT: 0px">\r\n	<tbody>\r\n		<tr>\r\n			<td style="BORDER-BOTTOM: 0px; TEXT-ALIGN: left; BORDER-LEFT: 0px; PADDING-BOTTOM: 2px; PADDING-LEFT: 2px; PADDING-RIGHT: 2px; BORDER-TOP: 0px; BORDER-RIGHT: 0px; PADDING-TOP: 2px" width="100%">\r\n				<img alt="" class="caption" src="/Project7/fc-media/images/hoichotour1.jpg" style="border-width: 0pt; border-style: solid; margin: 5px; float: left; width: 230px; height: 159px;" /></td>\r\n		</tr>\r\n		<tr>\r\n			<td style="BORDER-BOTTOM: 0px; TEXT-ALIGN: left; BORDER-LEFT: 0px; PADDING-BOTTOM: 2px; PADDING-LEFT: 2px; PADDING-RIGHT: 2px; BORDER-TOP: 0px; BORDER-RIGHT: 0px; PADDING-TOP: 2px" width="100%">\r\n				<font size="1"><font color="#0000ff">&nbsp; &nbsp;Trẻ em Ph&aacute;p th&iacute;ch th&uacute; ngồi x&iacute;ch l&ocirc; Việt Nam</font></font></td>\r\n		</tr>\r\n	</tbody>\r\n</table>\r\n<p>\r\n	<font face="Arial" style="FONT-SIZE: 9pt">Th&aacute;ng 5 h&agrave;ng năm, hội chợ Tours (Ph&aacute;p) lại mời một quốc gia l&agrave;m kh&aacute;ch mời danh dự với một gian triển l&atilde;m nằm tại vị tr&iacute; trung t&acirc;m hội chợ. Việt Nam năm nay tham dự hội chợ với chất văn h&oacute;a &Aacute; Đ&ocirc;ng gần gũi v&agrave; đậm n&eacute;t trong khu vực rộng hơn 400m&sup2;, được trang tr&iacute; đẹp mắt. &nbsp;</font></p>\r\n<p>\r\n	&nbsp;</p>\r\n<p align="justify">\r\n	<font face="Arial" style="FONT-SIZE: 9pt">Việt Nam đặt mục ti&ecirc;u quảng b&aacute; h&igrave;nh ảnh quốc gia th&ocirc;ng qua 4 nội dung: giới thiệu về Chủ tịch Hồ Ch&iacute; Minh nh&acirc;n kỷ niệm 100 năm Người đến Ph&aacute;p (1911-2011); quảng b&aacute; văn h&oacute;a qua ảnh v&agrave; sản phẩm văn h&oacute;a; quảng b&aacute; du lịch v&agrave; vận động bầu chọn vịnh Hạ Long l&agrave; kỳ quan thi&ecirc;n nhi&ecirc;n mới của thế giới. Ngo&agrave;i ra c&ograve;n c&oacute; c&aacute;c hoạt động tr&igrave;nh diễn ngo&agrave;i trời. &nbsp;</font></p>\r\n<p align="justify">\r\n	<font face="Arial" style="FONT-SIZE: 9pt">Khu trưng b&agrave;y c&ograve;n giới thiệu c&aacute;c vật dụng như x&iacute;ch l&ocirc;, rối nước, mặt nạ tuồng, trống đồng, cồng chi&ecirc;ng, 54 con b&uacute;p b&ecirc; mặc trang phục d&acirc;n tộc. Hoạt động quảng b&aacute; được kết hợp tối đa giữa vật trưng b&agrave;y v&agrave; c&aacute;c m&agrave;n biểu diễn, &acirc;m nhạc, c&ugrave;ng ẩm thực với c&aacute;c m&oacute;n ăn do 2 đầu bếp kh&aacute;ch sạn Metropole hướng dẫn, c&aacute;c khu mua b&aacute;n đồ thủ c&ocirc;ng mỹ nghệ, chụp ảnh lưu niệm... &nbsp; &nbsp;</font></p>\r\n<p align="justify">\r\n	<font face="Arial" style="FONT-SIZE: 9pt">&Ocirc;ng Denis Schwor, Tổng gi&aacute;m đốc Hội chợ cho biết, 10 năm nay, &ocirc;ng chưa từng chứng kiến một kh&ocirc;ng gian triển l&atilde;m n&agrave;o rộn r&agrave;ng v&agrave; đẹp mắt như ng&agrave;y khai mạc Hội chợ Việt Nam năm nay. &nbsp;</font></p>\r\n<p align="justify">\r\n	<font face="Arial" style="FONT-SIZE: 9pt">Tại lễ khai mạc Hội chợ Việt Nam ng&agrave;y 7/5, Bộ trưởng Văn h&oacute;a Thể thao v&agrave; Du lịch Ho&agrave;ng Tuấn Anh v&agrave; Thị trưởng th&agrave;nh phố Tours Jean Germain đ&atilde; đ&aacute;nh trống, chi&ecirc;ng, mở đầu cho 12 ng&agrave;y s&ocirc;i động tại hội chợ Tours 2011. &nbsp; &nbsp;</font></p>\r\n<p align="justify">\r\n	<font face="Arial" style="FONT-SIZE: 9pt">Bộ trưởng Ho&agrave;ng Tuấn Anh đẩy chiếc xe lăn chở một cụ gi&agrave; 83 tuổi người Ph&aacute;p trong tiếng vỗ tay kh&ocirc;ng ngớt của kh&aacute;n giả. Người đ&oacute; kh&ocirc;ng xa lạ với với h&agrave;ng triệu người Việt Nam từ hơn nửa thế kỷ nay, b&agrave; Raymond Dien, con người với tinh thần quả cảm lấy th&acirc;n m&igrave;nh chặn đo&agrave;n t&agrave;u hỏa chở vũ kh&iacute; sang Đ&ocirc;ng Dương. &nbsp; &nbsp;</font></p>\r\n<p align="justify">\r\n	<font face="Arial" style="FONT-SIZE: 9pt">Đứng b&ecirc;n b&agrave;, Bộ trưởng Ho&agrave;ng Tuấn Anh kể lại h&agrave;nh động dũng cảm v&agrave; nghĩa cử cao đẹp của b&agrave; Raymond Dien trong phong tr&agrave;o phản đối chiến tranh tại Việt Nam.</font></p>', 1, 1, '1', '', '2011-10-22 14:39:25', '1', 1),
(36, 'Hà Nội: Đưa “Âm cung huyền bí” vào phục vụ du khách', 'ha-noi:-dua-“am-cung-huyen-bi”-vao-phuc-vu-du-khach', '/Project7/fc-media/images/0-aa-a1aaamcunghuyenbi.jpg', '<p>\r\n	&ldquo;&Acirc;m cung huyền b&iacute;&rdquo; duy nhất miền Bắc ch&iacute;nh thức kh&aacute;nh th&agrave;nh đưa v&agrave;o sử dụng phục vụ du kh&aacute;ch dịp lễ 30/4 &ndash; 1/5/2011, v&agrave;o s&aacute;ng ng&agrave;y 28/4/2011.<br />\r\n	<br />\r\n	&ldquo;&Acirc;m cung huyền b&iacute;&rdquo; l&agrave; một trong những hạng mục du lịch hiện đại nằm trong quần thể khu du lịch sinh th&aacute;i Khoang Xanh &ndash; Suối Ti&ecirc;n, thuộc x&atilde; V&acirc;n H&ograve;a, huyện Ba V&igrave;, TP. H&agrave; Nội.', '<br />\r\n	<br />\r\n	&ldquo;&Acirc;m cung huyền b&iacute;&rdquo; được x&acirc;y dựng tr&ecirc;n diện t&iacute;ch rộng tới 1.000 m2 với phối cảnh n&uacute;i đ&aacute; bao bọc xung quanh, tổng vốn đầu tư hơn 12 tỉ đồng. Với trang thiết bị hiện đại, thiết kế s&aacute;ng tạo, c&ocirc;ng tr&igrave;nh n&agrave;y mang đến cho du kh&aacute;ch sự th&iacute;ch th&uacute; khi kh&aacute;m ph&aacute; cảm gi&aacute;c mạnh. Những cảnh tượng về thế giới &acirc;m dựa tr&ecirc;n c&aacute;c thuyết lu&acirc;n hồi, nh&acirc;n quả&hellip; được t&aacute;i hiện mạnh mẽ trong &ldquo;&acirc;m cung&rdquo;.<br />\r\n	<br />\r\n	Bắt đầu bước v&agrave;o &acirc;m cung, du kh&aacute;ch sẽ được dẫn đường bởi c&aacute;c l&acirc;n tinh lập l&ograve;e; trải qua cả một đoạn trường m&ecirc; cung, ma qu&aacute;i khiến người ta như lạc v&agrave;o một c&otilde;i xa xăm, t&aacute;ch biệt hẳn với thế giới thực tại.<br />\r\n	C&ocirc;ng tr&igrave;nh n&agrave;y đặc biệt hấp dẫn với giới trẻ th&iacute;ch kh&aacute;m ph&aacute; cảm gi&aacute;c mạnh. &ldquo;&Acirc;m cung huyền b&iacute;&rdquo; c&ograve;n g&acirc;y ấn tượng đặc biệt với du kh&aacute;ch bởi nằm giữa thung lũng rộng tới hơn 200 ha của n&uacute;i Ba V&igrave;.<br />\r\n	<br />\r\n	Thung lũng sinh th&aacute;i Khoang Xanh &ndash; Suối Ti&ecirc;n được bao bọc bởi rừng tự nhi&ecirc;n xen kẽ những th&aacute;c nước trắng xo&aacute; đổ xuống tạo n&ecirc;n những &acirc;m thanh kỳ diệu, d&ograve;ng suối Ti&ecirc;n thơ mộng r&igrave; rầm đ&ecirc;m ng&agrave;y cộng th&ecirc;m độ cao 400 m&eacute;t khiến thung lũng Khoang Xanh m&aacute;t mẻ quanh năm.<br />\r\n	<br />\r\n	Nơi đ&acirc;y c&ograve;n c&oacute; nguồn nước kho&aacute;ng n&oacute;ng được khoan từ độ s&acirc;u 215 m&eacute;t, nước l&ecirc;n khỏi mặt đất c&oacute; nhiệt độ tới 450C. Nguồn nước kho&aacute;ng qu&yacute; n&agrave;y kh&ocirc;ng chỉ c&oacute; lợi cho sức khỏe m&agrave; c&ograve;n c&oacute; t&aacute;c dụng dưỡng da rất tốt cho chị em phụ nữ.<br />\r\n	Kh&ocirc;ng những thế, trong Khu du lịch c&ograve;n c&oacute; hệ động thực vật phong ph&uacute;, nơi tập trung nhiều lo&agrave;i chim, th&uacute; như chồn, s&oacute;c, nai, trăn, khỉ... l&agrave; những yếu tố quan trọng cho sự h&igrave;nh th&agrave;nh một khu du lịch sinh th&aacute;i l&yacute; tưởng.</p>\r\n<table border="0" cellpadding="0" cellspacing="0" width="100%">\r\n	<tbody>\r\n		<tr>\r\n			<td>\r\n				<div align="justify">\r\n					<br />\r\n					<img alt="" src="/Project7/fc-media/images/0-aa-a1aaamcunghuyenbi.jpg" style="border-width: 0px; width: 450px; height: 328px; margin-left: 5px; margin-right: 5px; float: left;" />&ldquo;&Acirc;m cung huyền b&iacute;&rdquo; duy nhất miền Bắc ch&iacute;nh thức kh&aacute;nh th&agrave;nh đưa v&agrave;o sử dụng phục vụ du kh&aacute;ch dịp lễ 30/4 &ndash; 1/5/2011, v&agrave;o s&aacute;ng ng&agrave;y 28/4/2011.</div>\r\n				<br />\r\n				<p align="justify" style="margin-left:5.5pt;">\r\n					&ldquo;&Acirc;m cung huyền b&iacute;&rdquo; l&agrave; một trong những hạng mục du lịch hiện đại nằm trong quần thể khu du lịch sinh th&aacute;i Khoang Xanh &ndash; Suối Ti&ecirc;n, thuộc x&atilde; V&acirc;n H&ograve;a, huyện Ba V&igrave;, TP. H&agrave; Nội.</p>\r\n				<p align="justify" style="margin-left:5.5pt;">\r\n					&nbsp;</p>\r\n				<p align="justify" style="margin-left:5.5pt;">\r\n					&ldquo;&Acirc;m cung huyền b&iacute;&rdquo; được x&acirc;y dựng tr&ecirc;n diện t&iacute;ch rộng tới 1.000 m2 với phối cảnh n&uacute;i đ&aacute; bao bọc xung quanh, tổng vốn đầu tư hơn 12 tỉ đồng. Với trang thiết bị hiện đại, thiết kế s&aacute;ng tạo, c&ocirc;ng tr&igrave;nh n&agrave;y mang đến cho du kh&aacute;ch sự th&iacute;ch th&uacute; khi kh&aacute;m ph&aacute; cảm gi&aacute;c mạnh. Những cảnh tượng về thế giới &acirc;m dựa tr&ecirc;n c&aacute;c thuyết lu&acirc;n hồi, nh&acirc;n quả&hellip; được t&aacute;i hiện mạnh mẽ trong &ldquo;&acirc;m cung&rdquo;.</p>\r\n				<p align="justify" style="margin-left:5.5pt;">\r\n					&nbsp;</p>\r\n				<p align="justify" style="margin-left:5.5pt;">\r\n					Bắt đầu bước v&agrave;o &acirc;m cung, du kh&aacute;ch sẽ được dẫn đường bởi c&aacute;c l&acirc;n tinh lập l&ograve;e; trải qua cả một đoạn trường m&ecirc; cung, ma qu&aacute;i khiến người ta như lạc v&agrave;o một c&otilde;i xa xăm, t&aacute;ch biệt hẳn với thế giới thực tại.</p>\r\n				<p align="justify" style="margin-left:5.5pt;">\r\n					C&ocirc;ng tr&igrave;nh n&agrave;y đặc biệt hấp dẫn với giới trẻ th&iacute;ch kh&aacute;m ph&aacute; cảm gi&aacute;c mạnh. &ldquo;&Acirc;m cung huyền b&iacute;&rdquo; c&ograve;n g&acirc;y ấn tượng đặc biệt với du kh&aacute;ch bởi nằm giữa thung lũng rộng tới hơn 200 ha của n&uacute;i Ba V&igrave;.</p>\r\n				<p align="justify" style="margin-left:5.5pt;">\r\n					Thung lũng sinh th&aacute;i Khoang Xanh &ndash; Suối Ti&ecirc;n được bao bọc bởi rừng tự nhi&ecirc;n xen kẽ những th&aacute;c nước trắng xo&aacute; đổ xuống tạo n&ecirc;n những &acirc;m thanh kỳ diệu, d&ograve;ng suối Ti&ecirc;n thơ mộng r&igrave; rầm đ&ecirc;m ng&agrave;y cộng th&ecirc;m độ cao 400 m&eacute;t khiến thung lũng Khoang Xanh m&aacute;t mẻ quanh năm.</p>\r\n				<p align="justify" style="margin-left:5.5pt;">\r\n					Nơi đ&acirc;y c&ograve;n c&oacute; nguồn nước kho&aacute;ng n&oacute;ng được khoan từ độ s&acirc;u 215 m&eacute;t, nước l&ecirc;n khỏi mặt đất c&oacute; nhiệt độ tới 45<sup>0</sup>C. Nguồn nước kho&aacute;ng qu&yacute; n&agrave;y kh&ocirc;ng chỉ c&oacute; lợi cho sức khỏe m&agrave; c&ograve;n c&oacute; t&aacute;c dụng dưỡng da rất tốt cho chị em phụ nữ.</p>\r\n				<p align="justify" style="margin-left:5.5pt;">\r\n					Kh&ocirc;ng những thế, trong Khu du lịch c&ograve;n c&oacute; hệ động thực vật phong ph&uacute;, nơi tập trung nhiều lo&agrave;i chim, th&uacute; như chồn, s&oacute;c, nai, trăn, khỉ... l&agrave; những yếu tố quan trọng cho sự h&igrave;nh th&agrave;nh một khu du lịch sinh th&aacute;i l&yacute; tưởng.&nbsp;</p>\r\n			</td>\r\n		</tr>\r\n	</tbody>\r\n</table>\r\n<p>\r\n	&nbsp;</p>\r\n<p>\r\n	&nbsp;</p>', 1, 10, '1', '', '2011-10-22 14:40:59', '1', 1),
(37, 'Bãi tắm Ba Trái Đào: Thắng cảnh thiên nhiên Quảng Ninh', 'bai-tam-ba-trai-dao:-thang-canh-thien-nhien-quang-ninh', '/Project7/fc-media/images/0-aa-a1abaitambatraiddao.jpg', '<p>\r\n	Từ cảng t&agrave;u du lịch, đi khoảng 10 giờ ca n&ocirc; l&agrave; tới b&atilde;i tắm Ba Tr&aacute;i Đ&agrave;o. Sở dĩ c&oacute; t&ecirc;n như vậy v&igrave; ở đ&acirc;y c&oacute; ba b&atilde;i c&aacute;t h&igrave;nh c&aacute;nh cung qu&acirc;y quần &ocirc;m lấy ch&acirc;n đảo, h&ograve;n đảo ấy nh&igrave;n xa hệt như ba tr&aacute;i đ&agrave;o ti&ecirc;n.', '</p>\r\n<table border="0" cellpadding="0" cellspacing="0" width="100%">\r\n	<tbody>\r\n		<tr>\r\n			<td>\r\n				<p align="justify">\r\n					<br />\r\n					<img alt="" src="/Project7/fc-media/images/0-aa-a1abaitambatraiddao.jpg" style="border-width: 0px; margin: 5px; float: left; width: 281px; height: 182px;" /></p>\r\n				<p align="justify">\r\n					Thường b&atilde;i tắm n&agrave;y một ng&agrave;y chỉ tắm được từ 2 &ndash; 3 giờ v&igrave; thời gian c&ograve;n lại thuỷ triều nhấn ch&igrave;m b&atilde;i c&aacute;t, nhưng kh&ocirc;ng v&igrave; thế m&agrave; du kh&aacute;ch kh&ocirc;ng đến nơi đ&acirc;y, ngược lại, h&agrave;ng năm c&oacute; h&agrave;ng ng&agrave;n du kh&aacute;ch tới đ&acirc;y tắm biển v&agrave; chi&ecirc;m ngưỡng vẻ đẹp thần kỳ của tạo ho&aacute;.</p>\r\n			</td>\r\n		</tr>\r\n	</tbody>\r\n</table>\r\n<p>\r\n	&nbsp;</p>\r\n<p>\r\n	&nbsp;</p>', 1, 1, '1', '', '2011-10-22 14:42:33', '1', 1),
(38, 'Huyền tích Thạch Bi Sơn (Phú Yên)', 'huyen-tich-thach-bi-son-(phu-yen)', '/Project7/fc-media/images/0aLeonuida.jpg', '<p>\r\n	Tr&ecirc;n con đường thi&ecirc;n l&yacute; đi qua địa phận cực Nam Ph&uacute; Y&ecirc;n, du kh&aacute;ch sẽ bắt gặp cảnh quan đ&egrave;o Cả h&ugrave;ng vĩ với những cung đường uốn lượn quanh co b&ecirc;n lưng d&atilde;y n&uacute;i Trường Sơn vươn ra ph&iacute;a biển. Đứng ở đỉnh đ&egrave;o nh&igrave;n xuống ph&iacute;a Đ&ocirc;ng l&agrave; vịnh Vũng R&ocirc; xanh m&agrave;u ngọc b&iacute;ch, ngước l&ecirc;n đỉnh n&uacute;i l&agrave; sẽ thấy khối đ&aacute; khổng lồ sừng sững uy nghi&ecirc;m vươn l&ecirc;n bầu trời. Đ&oacute; l&agrave; Đ&aacute; Bia, c&ograve;n c&oacute; t&ecirc;n gọi Thạch Bi Sơn.', '</p>\r\n<table border="0" cellpadding="0" cellspacing="0" width="100%">\r\n	<tbody>\r\n		<tr>\r\n			<td>\r\n				<br />\r\n				<br />\r\n				<p align="center">\r\n					<img align="middle" alt="" src="/Project7/fc-media/images/0aLeonuida.jpg" style="border-width: 0px; margin-left: 0pt; margin-right: 0pt; width: 340px; height: 255px;" /></p>\r\n				<p>\r\n					Đ&aacute; Bia -&nbsp;một biểu tượng của Ph&uacute; Y&ecirc;n gắn với nhiều huyền t&iacute;ch từ thuở cha &ocirc;ng mở nước đến những con t&agrave;u kh&ocirc;ng số vượt đường Hồ Ch&iacute; Minh tr&ecirc;n biển vận chuyển vũ kh&iacute; cập bến Vũng R&ocirc; trong kh&aacute;ng chiến chống Mỹ v&agrave; những gi&aacute; trị văn h&oacute;a lịch sử của một v&ugrave;ng đất gi&agrave;u truyền thống c&aacute;ch mạng ki&ecirc;n cường, đồng thời l&agrave; danh thắng quốc gia độc nhất v&ocirc; nhị.</p>\r\n				<p>\r\n					&nbsp;</p>\r\n				<p>\r\n					<strong>Huyền t&iacute;ch một thời</strong></p>\r\n				<p>\r\n					&nbsp;</p>\r\n				<p>\r\n					Nằm ở độ cao 706m thuộc địa phận x&atilde; H&ograve;a Xu&acirc;n Nam, huyện Đ&ocirc;ng H&ograve;a, tỉnh Ph&uacute; Y&ecirc;n, Đ&aacute; Bia l&agrave; một khối đ&aacute; cao 76m vươn thẳng l&ecirc;n bầu trời. Tương truyền 540 năm về trước, trong h&agrave;nh tr&igrave;nh mở nước về c&otilde;i bờ Nam, vị minh qu&acirc;n L&ecirc; Th&aacute;nh T&ocirc;ng đ&atilde; sai người khắc chữ tr&ecirc;n Đ&aacute; Bia v&agrave;o m&ugrave;a xu&acirc;n năm T&acirc;n M&atilde;o - 1471.</p>\r\n				<p>\r\n					&nbsp;</p>\r\n				<p>\r\n					Từ thời xa xưa, Đ&aacute; Bia được coi l&agrave; ngọn n&uacute;i thi&ecirc;ng, c&ograve;n c&aacute;c nh&agrave; h&agrave;ng hải người Ph&aacute;p gọi l&agrave; &quot;ng&oacute;n tay Ch&uacute;a&quot;, v&igrave; theo họ từ ngo&agrave;i biển nh&igrave;n v&agrave;o tr&ocirc;ng như một ng&oacute;n tay chỉ thẳng l&ecirc;n trời, ng&oacute;n tay đ&oacute; trở th&agrave;nh dấu mốc t&agrave;u thuyền định hướng v&agrave;o bến Đại L&atilde;nh, Vũng R&ocirc;.</p>\r\n				<p>\r\n					&nbsp;</p>\r\n				<p>\r\n					Đến năm 1890, Varella - một sĩ quan hải qu&acirc;n Ph&aacute;p chỉ định x&acirc;y dựng ngọn hải đăng mũi Điện nằm ở ph&iacute;a Đ&ocirc;ng Đ&aacute; Bia vốn l&agrave; một trong hai điểm đất liền ở Việt&nbsp;Nam&nbsp;đ&oacute;n b&igrave;nh minh sớm nhất.</p>\r\n				<p>\r\n					Trước đ&oacute; v&agrave;o năm 1836, vua Minh Mạng đ&atilde; cho thể hiện h&igrave;nh tượng&hellip; n&uacute;i Đ&aacute; Bia v&agrave;o tuy&ecirc;n đỉnh - một trong 9 chiếc đỉnh đồng đặt tại Thế Miếu trong Đại nội Kinh th&agrave;nh Huế. Khoảng giữa thế kỷ 19, quan đại thần triều Nguyễn Phan Thanh Giản đi qua đ&egrave;o Cả ngước nh&igrave;n l&ecirc;n Đ&aacute; Bia tưởng nhớ đến vua L&ecirc; Th&aacute;nh T&ocirc;ng n&ecirc;n viết b&agrave;i thơ chữ H&aacute;n, được dịch nghĩa &quot;<em>Mảnh đ&aacute; đầu non dựng/ Tầng cao ngất một phương/ Chia bờ n&ecirc;u cột H&aacute;n/ Đuổi giặc tr&uacute; xe Đường/ Chữ triện m&acirc;y lu n&eacute;t/ C&ocirc;ng thần sử dọi gương/ Chạm bia người đ&atilde; vắng/ Lữ kh&aacute;ch chạnh l&ograve;ng thương</em>&quot;.</p>\r\n				<p>\r\n					&nbsp;</p>\r\n				<p>\r\n					C&aacute;ch đ&acirc;y hơn 63 năm, khi c&oacute; mặt trong đo&agrave;n qu&acirc;n Nam tiến hướng v&agrave;o mặt trận đ&egrave;o Cả, thi sĩ Hữu Loan đ&atilde; để lại cho đời b&agrave;i thơ &quot;Đ&egrave;o Cả&quot; nổi tiếng nhất trong đời thơ của &ocirc;ng v&agrave; được chọn l&agrave; một trong 100 b&agrave;i thơ hay nhất trong thế kỷ 20: &quot;<em>Đ&egrave;o Cả! Đ&egrave;o Cả!/ N&uacute;i cao ngất/ M&acirc;y trời Ai Lao/ Sầu đại dương&hellip;.Những người đi Nam tiến/Dừng lại đ&acirc;y giữa đ&egrave;o n&uacute;i qu&ecirc; hương/ T&oacute;c tai tr&ugrave;m vai rộng/ Kh&ocirc;ng nhận ra người l&agrave;ng/ Rau khe cơm vắt &aacute;o pha m&agrave;u sa trường/ Ng&agrave;y th&acirc;u vượn h&oacute;t/ Đ&ecirc;m canh gặp h&ugrave;m lang thang&hellip;</em>&quot;. Những ng&agrave;y đầu to&agrave;n quốc kh&aacute;ng chiến chống Ph&aacute;p, đ&egrave;o Cả l&agrave; l&aacute; chắn kh&ocirc;ng cho giặc Ph&aacute;p tiến qu&acirc;n từ Nha Trang ra đ&aacute;nh chiếm Ph&uacute; Y&ecirc;n, tạo n&ecirc;n v&ugrave;ng tự do Li&ecirc;n khu 5 v&agrave; h&igrave;nh th&agrave;nh một hậu phương cho T&acirc;y Nguy&ecirc;n c&ugrave;ng c&aacute;c tỉnh Nam Trung bộ.</p>\r\n				<p>\r\n					&nbsp;</p>\r\n				<p>\r\n					Trong kh&aacute;ng chiến chống Mỹ, Vũng R&ocirc; dưới ch&acirc;n n&uacute;i Đ&aacute; Bia l&agrave; nơi đ&oacute;n những con t&agrave;u kh&ocirc;ng số vận chuyển vũ kh&iacute; chi viện chiến trường Ph&uacute; Y&ecirc;n, Kh&aacute;nh H&ograve;a, Đắk Lắk. Sau ba chuyến t&agrave;u do thuyền trưởng Hồ Đắc Thạnh chỉ huy đưa hơn 200 tấn vũ kh&iacute; cập bến an to&agrave;n, ng&agrave;y 1.2.1965, chuyến t&agrave;u 143 do thuyền trưởng L&ecirc; Văn Th&ecirc;m chỉ huy vận chuyển 63 tấn vũ kh&iacute; v&agrave;o bến Lộ Di&ecirc;u, tỉnh B&igrave;nh Định.</p>\r\n				<p>\r\n					&nbsp;</p>\r\n				<p>\r\n					Mới nửa h&agrave;nh tr&igrave;nh th&igrave; t&agrave;u được lệnh chuyển hướng v&agrave;o Vũng R&ocirc; đ&ecirc;m 15.2.1965. Bốc h&agrave;ng xong, t&agrave;u chuẩn bị rời bến th&igrave; xảy ra sự cố hỏng neo, n&ecirc;n phải d&ugrave;ng lưới v&agrave; l&aacute; c&acirc;y ngụy trang. Nhưng sau đ&oacute; địch ph&aacute;t hiện được đ&atilde; huy động m&aacute;y bay tr&uacute;t bom. Trước t&igrave;nh huống đ&oacute;, Đại đội K60 Ph&uacute; Y&ecirc;n được lệnh sử dụng thuốc nổ đ&aacute;nh ch&igrave;m t&agrave;u.</p>\r\n				<p>\r\n					&nbsp;</p>\r\n				<p>\r\n					<strong>Chinh phục đ&aacute; bia</strong></p>\r\n				<p>\r\n					&nbsp;</p>\r\n				<p>\r\n					Muốn l&ecirc;n tới Đ&aacute; Bia kh&ocirc;ng phải dễ d&agrave;ng khi luồn rừng, leo n&uacute;i nhiều giờ tr&ecirc;n những lối đi đầy gai g&oacute;c, bụi rậm v&agrave; dốc cao. Với &yacute; tưởng khai th&aacute;c tiềm năng văn h&oacute;a du lịch một v&ugrave;ng đất linh thi&ecirc;ng, năm 2000, Tỉnh đo&agrave;n Ph&uacute; Y&ecirc;n triển khai dự &aacute;n x&acirc;y dựng con đường bậc thang l&ecirc;n đỉnh Đ&aacute; Bia len lỏi giữa c&aacute;nh rừng nguy&ecirc;n sinh đậm n&eacute;t hoang sơ để thu h&uacute;t những người th&iacute;ch du khảo, leo n&uacute;i chinh phục Đ&aacute; Bia v&agrave; t&igrave;m nguồn cảm hứng s&aacute;ng tạo văn học nghệ thuật.</p>\r\n				<p>\r\n					&nbsp;</p>\r\n				<p>\r\n					Theo con đường n&agrave;y hơn hai giờ sẽ l&ecirc;n tới Đ&aacute; Bia sau khi vượt chặng cuối l&agrave; &quot;cổng trời&quot; cao ngất với hơn 200 bậc thang. Ở đ&oacute; thi&ecirc;n nhi&ecirc;n h&ugrave;ng vĩ, thơ mộng v&agrave; huyền b&iacute; khiến cho du kh&aacute;ch tưởng chừng lạc v&agrave;o c&otilde;i ti&ecirc;n. Đứng b&ecirc;n ch&acirc;n Đ&aacute; Bia c&oacute; thể nh&igrave;n thấy bức tranh sơn thủy hữu t&igrave;nh mở rộng trong tầm mắt với thung lũng xanh m&agrave;u c&acirc;y l&uacute;a, c&aacute;nh đồng t&ocirc;m v&agrave; biển cả m&ecirc;nh m&ocirc;ng. Trong hệ động thực vật phong ph&uacute; c&ograve;n tồn tại ở n&uacute;i Đ&aacute; Bia, n&eacute;t độc đ&aacute;o nhất l&agrave; du kh&aacute;ch c&oacute; thể lấy nước suối trong vắt đổ ra từ khe n&uacute;i để pha chế, thưởng thức thứ tr&agrave; xanh tự nhi&ecirc;n mọc tr&ecirc;n lưng n&uacute;i.</p>\r\n				<p>\r\n					&nbsp;</p>\r\n				<p>\r\n					L&ecirc;n đỉnh Đ&aacute; Bia cố t&igrave;m kiếm dấu t&iacute;ch những d&ograve;ng chữ vua L&ecirc; Th&aacute;nh T&ocirc;ng đ&atilde; sai người khắc tr&ecirc;n mặt đ&aacute;, dẫu biết rằng trước đ&oacute; nhiều nh&agrave; nghi&ecirc;n cứu khoa học lịch sử x&atilde; hội d&ograve; t&igrave;m kh&ocirc;ng thấy n&ecirc;n đ&atilde; c&oacute; nhiều cuộc tranh luận. C&ograve;n t&ocirc;i, chẳng hiểu sao vẫn thầm tin đ&oacute; l&agrave; sự thật, nhưng d&ograve;ng chảy thời gian 540 năm đ&atilde; x&oacute;a mất dấu t&iacute;ch chạm khắc. Tựa lưng v&agrave;o v&aacute;ch Đ&aacute; Bia nghe tiếng gi&oacute; ng&agrave;n đ&aacute;nh thức lịch sử vị minh qu&acirc;n họ L&ecirc; chỉ huy đo&agrave;n qu&acirc;n tiến về phương Nam, chợt thấy l&ograve;ng m&igrave;nh d&acirc;ng l&ecirc;n niềm tự h&agrave;o về cha &ocirc;ng một thời đi mở c&otilde;i gắn liền với huyền t&iacute;ch về tinh thần dũng cảm của người Đại Việt xưa. Tự h&agrave;o về sự kiện lịch sử những con t&agrave;u kh&ocirc;ng số vận chuyển vũ kh&iacute; cập bến Vũng R&ocirc;.</p>\r\n				<p>\r\n					&nbsp;</p>\r\n				<p>\r\n					B&acirc;y giờ, quần thể Đ&aacute; Bia c&ugrave;ng với t&agrave;u kh&ocirc;ng số ở Vũng R&ocirc; v&agrave; B&atilde;i M&ocirc;n - Mũi Điện đều được c&ocirc;ng nhận l&agrave; di t&iacute;ch lịch sử, danh thắng cấp quốc gia. Dưới ch&acirc;n n&uacute;i Đ&aacute; Bia, dự &aacute;n hầm đường bộ đ&egrave;o Cả với hai đường hầm song song sẽ được triển khai x&acirc;y dựng v&agrave;o đầu năm 2011. Trong đ&oacute; ngo&agrave;i tuyến hầm đ&egrave;o Cả d&agrave;i 5.450m, hầm đ&egrave;o Cổ M&atilde; d&agrave;i 350m, c&ograve;n c&oacute; cầu, đường dẫn hai đầu 5.325m với tổng vốn đầu tư gần 10.000 tỷ đồng, dự kiến th&ocirc;ng xe trong th&aacute;ng 2.2014.</p>\r\n				<p>\r\n					&nbsp;</p>\r\n				<p>\r\n					Khi dự &aacute;n ho&agrave;n th&agrave;nh, lộ tr&igrave;nh đ&egrave;o Cả sẽ r&uacute;t ngắn 7km, mặt đường rộng 12m, tốc độ thiết kế 84km/h, đảm bảo năng lực lưu th&ocirc;ng 8.000 lượt xe qua lại mỗi ng&agrave;y đ&ecirc;m, g&oacute;p phần tiết kiệm khoảng 2 triệu Mỹ kim mỗi năm đối với c&aacute;c phương tiện tham gia vận chuyển qua hầm. V&agrave; l&uacute;c đ&oacute;, cung đường bộ đ&egrave;o Cả b&acirc;y giờ sẽ l&agrave; con đường du lịch d&agrave;nh cho những du kh&aacute;ch muốn chinh phục Đ&aacute; Bia v&agrave; đến với Vũng R&ocirc;.</p>\r\n				<p>\r\n					&nbsp;</p>\r\n				<p>\r\n					Ph&uacute; Y&ecirc;n l&agrave; địa phương đăng cai tổ chức năm du lịch quốc gia duy&ecirc;n hải Nam Trung bộ 2011. C&ugrave;ng với nhiều hoạt động văn h&oacute;a du lịch, lần đầu ti&ecirc;n giải leo n&uacute;i quốc tế chinh phục Đ&aacute; Bia sẽ được Tổng cục Thể dục thể thao phối hợp Li&ecirc;n đo&agrave;n Điền kinh Việt Nam v&agrave; Sở Văn h&oacute;a Thể thao - Du lịch c&aacute;c tỉnh Ph&uacute; Y&ecirc;n, Quảng Nam, Quảng Ng&atilde;i, B&igrave;nh Định, Kh&aacute;nh H&ograve;a, Ninh Thuận, B&igrave;nh Thuận, TP Đ&agrave; Nẵng tổ chức. L&ecirc;n đỉnh Đ&aacute; Bia kh&ocirc;ng chỉ c&oacute; dịp ngắm nh&igrave;n cảnh quan h&ugrave;ng vĩ, m&agrave; c&ograve;n lắng nghe huyền t&iacute;ch một thời cha &ocirc;ng đi mở nước để cảm nhận hồn thi&ecirc;ng s&ocirc;ng n&uacute;i, tưởng nhớ cội nguồn&hellip;</p>\r\n			</td>\r\n		</tr>\r\n	</tbody>\r\n</table>\r\n<p>\r\n	&nbsp;</p>', 1, 1, '1', '', '2011-10-22 14:43:02', '1', 1),
(39, 'Đền Bà Roi - Di tích lịch sử, văn hóa ở Lý Sơn (Quảng Ngãi)', 'den-ba-roi---di-tich-lich-su,-van-hoa-o-ly-son-(quang-ngai)', '/Project7/fc-media/images/0DLS.jpg', '<p>\r\n	Đền B&agrave; Roi tọa lạc ở th&ocirc;n Đ&ocirc;ng, x&atilde; An Vĩnh, huyện L&yacute; Sơn, Quảng Ng&atilde;i. Đ&acirc;y l&agrave; một ng&ocirc;i đền kh&aacute; đặc trưng cho lối kiến tr&uacute;c kiểu t&ocirc;n gi&aacute;o t&iacute;n ngưỡng thời nh&agrave; Nguyễn.', '</p>\r\n<table border="0" cellpadding="0" cellspacing="0" width="100%">\r\n	<tbody>\r\n		<tr>\r\n			<td>\r\n				<p align="center">\r\n					<img align="middle" alt="" class="caption" src="/Project7/fc-media/images/0DLS.jpg" style="border-width: 0px; margin-left: 0pt; margin-right: 0pt; width: 422px; height: 273px;" /></p>\r\n				<p align="justify">\r\n					Theo người d&acirc;n L&yacute; Sơn, mới đầu đền B&agrave; Roi chỉ l&agrave; một ng&ocirc;i miếu nhỏ, đơn sơ. Đến năm Th&agrave;nh Th&aacute;i thứ 9 - năm 1897,&nbsp;được&nbsp;x&acirc;y dựng khang trang, gồm một nh&agrave; tiền b&aacute;i, một ch&aacute;nh điện v&agrave; một hậu cung, theo dạng chu&ocirc;i vồ, hoặc h&igrave;nh chữ &quot;Đinh&quot;.</p>\r\n				<p align="justify">\r\n					Theo một số t&agrave;i liệu bằng chữ H&aacute;n (gồm phả hệ, sắc phong, thần t&iacute;ch) m&agrave; tộc họ Phạm Văn c&ograve;n giữ được đến ng&agrave;y nay, B&agrave; Roi t&ecirc;n thật l&agrave; Phạm Thị L&ocirc;i, t&ecirc;n chữ l&agrave; Phạm Ti&ecirc;n Điều, sinh năm 1629, thời Ch&uacute;a Nguyễn Ph&uacute;c Nguy&ecirc;n, l&agrave; thứ nữ của &ocirc;ng b&agrave; thuỷ tổ họ Phạm Văn - một trong 6 tộc họ tiền hiền đến khai khẩn đất L&yacute; Sơn nhiều trăm năm trước.</p>\r\n				<p>\r\n					Theo truyền thuyết c&ograve;n lưu truyền đến ng&agrave;y nay, B&agrave; Roi vốn l&agrave; một người con g&aacute;i xinh đẹp, nết na nổi tiếng trong v&ugrave;ng. V&agrave;o một buổi trưa ng&agrave;y rằm th&aacute;ng 5 (&acirc;m lịch), n&agrave;ng ph&aacute;t hiện ra giặc T&agrave;u &Ocirc; đang đổ bộ v&agrave;o đảo L&yacute; Sơn, n&ecirc;n vội chạy đi t&igrave;m để b&aacute;o cha biết, sau đ&oacute; c&ugrave;ng d&acirc;n l&agrave;ng t&igrave;m c&aacute;ch đối ph&oacute;. Nhưng kh&ocirc;ng may Phạm Ti&ecirc;n Điều bị giặc ph&aacute;t hiện. Ch&uacute;ng truy đuổi n&agrave;ng đến tận vũng Thầy Tu - nơi m&agrave; ng&agrave;y nay người d&acirc;n L&yacute; Sơn thường tổ chức đua thuyền v&agrave;o dịp Tết Nguy&ecirc;n đ&aacute;n h&agrave;ng năm th&igrave; c&ugrave;ng đường.</p>\r\n				<p>\r\n					&nbsp;</p>\r\n				<p>\r\n					V&igrave; sợ bị sa v&agrave;o tay giặc, c&agrave;ng kh&ocirc;ng chịu để bị tấm th&acirc;n &ocirc; uế, n&agrave;ng nhảy xuống biển tự vẫn, với tư thế tựa như ngồi thiền, t&oacute;c x&otilde;a phủ vai, mặc cho s&oacute;ng chao, gi&oacute; lớn. B&agrave; con trong l&agrave;ng tiếc thương, đem x&aacute;c Phạm Ti&ecirc;n Điều về ch&ocirc;n cất&nbsp; lập đền thờ, v&agrave; gọi đền thờ n&agrave;y l&agrave; Trinh Tịnh Đường, tức dinh B&agrave; Roi, miếu B&agrave; Roi. N&agrave;ng Roi tuẫn tiết v&agrave;o đ&uacute;ng ng&agrave;y rằm th&aacute;ng 5, thời Ch&uacute;a Nguyễn Ph&uacute;c Lan, tức năm Ất Dậu - 1645, ni&ecirc;n hiệu Ph&uacute;c Th&aacute;i thứ 3, đời vua L&ecirc; Ch&acirc;n T&ocirc;ng&nbsp; c&aacute;ch đ&acirc;y tr&ograve;n 365 năm, l&uacute;c mới tr&ograve;n 16 tuổi.</p>\r\n				<p>\r\n					<br />\r\n					H&agrave;ng năm v&agrave;o ng&agrave;y 16 th&aacute;ng 5 (&acirc;m lịch), tộc họ Phạm Văn v&agrave; b&agrave; con c&aacute;c tộc họ kh&aacute;c tr&ecirc;n huyện đảo L&yacute; Sơn hết sức chăm lo đến việc tế tự B&agrave; Roi, xem B&agrave; kh&ocirc;ng chỉ l&agrave; bậc cao tổ Cao B&igrave;nh quận Phạm Ti&ecirc;n Điều của tộc họ Phạm Văn, m&agrave; c&ograve;n l&agrave; vị ph&uacute;c thần cho cả l&agrave;ng An Vĩnh. Ngo&agrave;i Trinh Tịnh Đường l&agrave; ng&ocirc;i đền thờ ch&iacute;nh, B&agrave; Roi c&ograve;n được phối thờ trong đ&igrave;nh An Vĩnh ng&agrave;y trước, trong L&acirc;n An H&ograve;a v&agrave; nhiều dinh, miếu kh&aacute;c.</p>\r\n			</td>\r\n		</tr>\r\n	</tbody>\r\n</table>\r\n<p>\r\n	&nbsp;</p>\r\n<p>\r\n	&nbsp;</p>', 1, 1, '1', '', '2011-10-22 14:45:38', '1', 1);
INSERT INTO `tbl_post` (`id`, `title`, `slug_post`, `thumbnail`, `introl`, `fulltext`, `id_user`, `id_cat`, `publish`, `tag`, `created`, `beauty`, `status`) VALUES
(40, 'Giỗ Tổ Hùng Vương - Lễ hội Đền Hùng năm 2011: Tôn vinh các giá trị văn hóa', 'gio-to-hung-vuong---le-hoi-den-hung-nam-2011:-ton-vinh-cac-gia-tri-van-hoa', '/Project7/fc-media/images/DH-143.jpg', '<p>\r\n	Giỗ Tổ H&ugrave;ng Vương - Lễ hội Đền H&ugrave;ng từ l&acirc;u đ&atilde; trở th&agrave;nh biểu tượng văn ho&aacute; t&acirc;m linh, t&iacute;n ngưỡng, điểm hội tụ tinh thần đại đo&agrave;n kết của cộng đồng c&aacute;c d&acirc;n tộc Việt Nam v&agrave; đi s&acirc;u v&agrave;o tiềm thức mỗi người d&acirc;n đất Việt khi ch&uacute;ng ta trở về với cội nguồn để tri &acirc;n c&ocirc;ng đức tổ ti&ecirc;n, tưởng nhớ về ti&ecirc;n tổ, những bậc tiền nh&acirc;n đ&atilde; c&oacute; c&ocirc;ng khai nền lập quốc.', '</p>\r\n<table border="0" cellpadding="0" cellspacing="0" width="100%">\r\n	<tbody>\r\n		<tr>\r\n			<td>\r\n				<p align="center">\r\n					<br />\r\n					<img alt="" class="caption" src="/Project7/fc-media/images/DH-143.jpg" style="border-width: 0px; width: 500px; height: 359px;" /></p>\r\n				<p>\r\n					Tổ chức Giỗ Tổ H&ugrave;ng Vương - Lễ hội Đền H&ugrave;ng nhằm t&ocirc;n vinh c&aacute;c gi&aacute; trị văn ho&aacute; d&acirc;n tộc, khẳng định vị tr&iacute; v&agrave; &yacute; nghĩa to lớn của ng&agrave;y Giỗ Tổ H&ugrave;ng Vương l&agrave; ng&agrave;y Quốc lễ của d&acirc;n tộc, gi&aacute;o dục truyền thống y&ecirc;u nước, biết ơn s&acirc;u sắc c&aacute;c Vua H&ugrave;ng v&agrave; c&aacute;c bậc tiền nh&acirc;n đ&atilde; c&oacute; c&ocirc;ng dựng nước v&agrave; giữ nước; gi&aacute;o dục đạo l&yacute; &quot;Uống nước nhớ nguồn&quot;, củng cố v&agrave; ph&aacute;t triển khối đại đo&agrave;n kết d&acirc;n tộc, x&acirc;y dựng nền văn ho&aacute; Việt Nam ti&ecirc;n tiến, đậm đ&agrave; bản sắc d&acirc;n tộc. Th&ocirc;ng qua tổ chức Giỗ Tổ H&ugrave;ng Vương - Lễ hội Đền H&ugrave;ng để từng bước ho&agrave;n thiện hồ sơ khoa học &quot;T&iacute;n ngưỡng thờ H&ugrave;ng Vương&quot; đề nghị UNESCO c&ocirc;ng nhận l&agrave; di sản văn ho&aacute; phi vật thể đại diện của nh&acirc;n loại v&agrave; x&acirc;y dựng Khu di t&iacute;ch lịch sử Đền H&ugrave;ng, th&agrave;nh phố Việt Tr&igrave;&nbsp;&nbsp;trở th&agrave;nh trung t&acirc;m văn ho&aacute; - lễ hội về với cội nguồn của d&acirc;n tộc Việt Nam.</p>\r\n				<p>\r\n					&nbsp;</p>\r\n				<p>\r\n					Giỗ Tổ H&ugrave;ng Vương - Lễ hội Đền H&ugrave;ng h&agrave;ng năm diễn ra v&agrave;o ng&agrave;y 10/3 (&acirc;m lịch) với quy m&ocirc; v&agrave; sắc th&aacute;i kh&aacute;c nhau. Năm 2011 l&agrave; năm lẻ, giỗ Tổ H&ugrave;ng Vương - Lễ hội Đền H&ugrave;ng do UBND tỉnh Ph&uacute; Thọ chủ tr&igrave; tổ chức v&agrave; c&oacute; sự tham gia tổ chức của c&aacute;c tỉnh: Tuy&ecirc;n Quang, Ho&agrave; B&igrave;nh, Nam Định, Quảng Ng&atilde;i, Đồng Th&aacute;p theo Đề &aacute;n tổ chức giỗ Tổ H&ugrave;ng Vương h&agrave;ng năm v&agrave; đ&oacute;ng g&oacute;p nguồn lực tr&ugrave;ng tu, t&ocirc;n tạo Khu di t&iacute;ch lịch sử Đền H&ugrave;ng đ&atilde; được Thủ tướng Ch&iacute;nh phủ ph&ecirc; duyệt. Theo kế hoạch của UBND tỉnh Ph&uacute; Thọ, năm nay, phần lễ được tổ chức 3 ng&agrave;y 5, 6 v&agrave; 10 th&aacute;ng 3 &acirc;m lịch, phần hội được tổ chức 5 ng&agrave;y, từ ng&agrave;y 8/4 đến 12/4/2011 (tức từ ng&agrave;y 6 - 10/3 &acirc;m lịch).</p>\r\n				<p>\r\n					&nbsp;</p>\r\n				<p>\r\n					C&aacute;c nghi thức c&uacute;ng tế v&agrave; d&acirc;ng hương tưởng niệm c&aacute;c Vua H&ugrave;ng được diễn ra tại đền Quốc Tổ Lạc Long Qu&acirc;n, đền Tổ Mẫu &Acirc;u Cơ v&agrave; đền Thượng giữa c&aacute;c đồng ch&iacute; l&atilde;nh đạo Đảng, Nh&agrave; nước, l&atilde;nh đạo th&agrave;nh phố H&agrave; Nội v&agrave; c&aacute;c tỉnh: Vĩnh Ph&uacute;c, L&agrave;o Cai, Y&ecirc;n B&aacute;i, Tuy&ecirc;n Quang, Ho&agrave; B&igrave;nh, Nam Định, Quảng Ng&atilde;i, Đồng Th&aacute;p c&ugrave;ng nh&acirc;n d&acirc;n c&aacute;c d&acirc;n tộc tỉnh Ph&uacute; Thọ. Phần hội năm nay c&oacute; nhiều hoạt động đa dạng v&agrave; đặc sắc. C&aacute;c hoạt động văn ho&aacute;, thể thao được tổ chức với qui m&ocirc; rộng khắp từ th&agrave;nh phố Việt Tr&igrave; cho đến Trung t&acirc;m Lễ hội Đền H&ugrave;ng v&agrave; c&aacute;c v&ugrave;ng phụ cận gắn với chương tr&igrave;nh &quot;Du lịch về cội nguồn&quot; 3 tỉnh Ph&uacute; Thọ - L&agrave;o Cai - Y&ecirc;n B&aacute;i. Tại Khu di t&iacute;ch lịch sử Đền H&ugrave;ng sẽ diễn ra c&aacute;c hoạt động: hội trại văn ho&aacute;, biểu diễn nghệ thuật, trưng b&agrave;y sản vật v&agrave; văn ho&aacute; ẩm thực của c&aacute;c huyện, th&agrave;nh phố, thị x&atilde; trong tỉnh; tr&igrave;nh diễn diễn xướng văn ho&aacute; d&acirc;n gian c&aacute;c d&acirc;n tộc tỉnh Ph&uacute; Thọ; biểu diễn nghệ thuật của c&aacute;c đơn vị nghệ thuật chuy&ecirc;n nghiệp trong v&agrave; ngo&agrave;i tỉnh; đ&aacute;nh trống đồng, m&uacute;a sư tử, h&aacute;t Xoan; chiếu phim m&agrave;n ảnh rộng; hội thi g&oacute;i, nấu b&aacute;nh chưng, gi&atilde; b&aacute;nh dầy; lễ hội ch&egrave; của c&aacute;c doanh nghiệp; triển l&atilde;m c&aacute;c hiện vật cung tiến với chủ đề &quot;T&igrave;nh cảm của đồng b&agrave;o cả nước v&agrave; bạn b&egrave; quốc tế với Đền H&ugrave;ng&quot;; lễ nhập linh v&agrave; trao tặng trống đồng của Hội di sản văn ho&aacute; Việt Nam v&agrave; Ban Quản l&yacute; Dự &aacute;n &quot;Trống đồng - &acirc;m vang Đất Tổ&quot; cho khu di t&iacute;ch lịch sử Đền H&ugrave;ng; lễ ph&aacute;t động &quot;Doanh nh&acirc;n trồng c&acirc;y tri &acirc;n Quốc Tổ H&ugrave;ng Vương&quot;; tổ chức c&aacute;c hoạt động thể thao: b&oacute;ng chuyền nam, cờ tướng, vật d&acirc;n tộc v&agrave; bắn nỏ. Tại th&agrave;nh phố Việt Tr&igrave;: tổ chức Hội thảo Quốc tế &quot;T&iacute;n ngưỡng thờ H&ugrave;ng Vương&quot; đề nghị UNESCO c&ocirc;ng nhận l&agrave; di sản văn ho&aacute; phi vật thể đại diện của nh&acirc;n loại; hội thảo khoa học &quot;Lễ hội Tịch điền&quot;; kh&aacute;nh th&agrave;nh miếu L&atilde;i L&egrave;n v&agrave; li&ecirc;n hoan tiếng h&aacute;t l&agrave;ng Xoan (lần thứ 2); hội chợ H&ugrave;ng Vương; giải bơi chải tr&ecirc;n s&ocirc;ng L&ocirc;; triển l&atilde;m, trưng b&agrave;y hiện vật v&agrave; triển l&atilde;m nghệ thuật thư ph&aacute;p Việt Nam tại Bảo t&agrave;ng H&ugrave;ng Vương; triển l&atilde;m s&aacute;ch &quot;Về miền lễ hội cội nguồn d&acirc;n tộc Việt Nam&quot; tại Thư viện tỉnh; tổ chức giải B&oacute;ng chuyền c&aacute;c đội mạnh to&agrave;n quốc - c&uacute;p H&ugrave;ng Vương; giải Quần vợt Hữu nghị Đền H&ugrave;ng lần thứ IV; đặc biệt v&agrave;o hồi 21h ng&agrave;y 11/4/2011 (tức ng&agrave;y 9/3 &acirc;m lịch) tổ chức bắn ph&aacute;o hoa tầm thấp.</p>\r\n				<p>\r\n					&nbsp;</p>\r\n				<p>\r\n					Để Giỗ Tổ H&ugrave;ng Vương - Lễ hội Đền H&ugrave;ng diễn ra trang nghi&ecirc;m, trọng thể, vui tươi, l&agrave;nh mạnh, an to&agrave;n v&agrave; tiết kiệm, UBND tỉnh Ph&uacute; Thọ đ&atilde; th&agrave;nh lập bộ phận thường trực gồm đại diện: Khu di t&iacute;ch lịch sử Đền H&ugrave;ng, Sở Văn ho&aacute;, Thể thao v&agrave; Du lịch, C&ocirc;ng an tỉnh, Bộ Chỉ huy Qu&acirc;n sự tỉnh, UBND th&agrave;nh phố Việt Tr&igrave;, UBND x&atilde; Hy Cương để giải quyết những c&ocirc;ng việc cụ thể từ khi bắt đầu đến khi kết th&uacute;c Giỗ Tổ; đồng thời th&agrave;nh lập một số tiểu ban v&agrave; 2 đo&agrave;n kiểm tra li&ecirc;n ng&agrave;nh để gi&uacute;p Ban tổ chức triển khai c&ocirc;ng t&aacute;c tổ chức lễ hội v&agrave; duy tr&igrave; việc thực hiện nội quy, quy chế lễ hội, đảm bảo an to&agrave;n cho du kh&aacute;ch khi về dự Giỗ Tổ.</p>\r\n				<p>\r\n					&nbsp;</p>\r\n				<p>\r\n					Với kinh nghiệm tổ chức Giỗ Tổ nhiều năm v&agrave; sự chuẩn bị chu đ&aacute;o, chắc chắn Giỗ Tổ H&ugrave;ng Vương - Lễ hội Đền H&ugrave;ng năm 2011 sẽ được UBND tỉnh Ph&uacute; Thọ tổ chức th&agrave;nh k&iacute;nh, trang trọng v&agrave; hấp dẫn, thu h&uacute;t h&agrave;ng triệu lượt du kh&aacute;ch trong nước v&agrave; quốc tế về dự./.</p>\r\n			</td>\r\n		</tr>\r\n	</tbody>\r\n</table>\r\n<p>\r\n	&nbsp;</p>\r\n<p>\r\n	&nbsp;</p>', 1, 1, '1', '', '2011-10-22 14:46:17', '1', 1);

-- --------------------------------------------------------

--
-- Table structure for table `tbl_user`
--

CREATE TABLE IF NOT EXISTS `tbl_user` (
  `id` int(11) unsigned NOT NULL AUTO_INCREMENT,
  `user_name` varchar(200) CHARACTER SET utf8 COLLATE utf8_unicode_ci NOT NULL,
  `user_pass` varchar(200) CHARACTER SET utf8 COLLATE utf8_unicode_ci NOT NULL,
  `fullname` varchar(200) CHARACTER SET utf8 COLLATE utf8_unicode_ci NOT NULL,
  `user_sex` varchar(100) CHARACTER SET utf8 COLLATE utf8_unicode_ci NOT NULL,
  `date` datetime NOT NULL DEFAULT '0000-00-00 00:00:00',
  `display_name` varchar(200) CHARACTER SET utf8 COLLATE utf8_unicode_ci NOT NULL,
  `user_email` varchar(100) NOT NULL,
  `validate_lost_pass` varchar(200) NOT NULL DEFAULT '0',
  `validate_time` datetime NOT NULL DEFAULT '0000-00-00 00:00:00',
  PRIMARY KEY (`id`),
  UNIQUE KEY `user_name` (`user_name`),
  UNIQUE KEY `user_email` (`user_email`),
  UNIQUE KEY `user_email_2` (`user_email`)
) ENGINE=MyISAM  DEFAULT CHARSET=utf8 AUTO_INCREMENT=15 ;

--
-- Dumping data for table `tbl_user`
--

INSERT INTO `tbl_user` (`id`, `user_name`, `user_pass`, `fullname`, `user_sex`, `date`, `display_name`, `user_email`, `validate_lost_pass`, `validate_time`) VALUES
(13, 'admin', '0192023a7bbd73250516f069df18b500', '', '', '0000-00-00 00:00:00', 'Bùi Hồng Trang', 'kimthangatm@gmail.com', '0', '0000-00-00 00:00:00');

/*!40101 SET CHARACTER_SET_CLIENT=@OLD_CHARACTER_SET_CLIENT */;
/*!40101 SET CHARACTER_SET_RESULTS=@OLD_CHARACTER_SET_RESULTS */;
/*!40101 SET COLLATION_CONNECTION=@OLD_COLLATION_CONNECTION */;
